crop_path,ann_id,image_id,y_true,y_pred,correct,prob_person,prob_car
crops/61_80.jpg,80,61,person,person,1,1.000000,0.000000
crops/61_81.jpg,81,61,person,person,1,0.999998,0.000002
crops/70_92.jpg,92,70,person,person,1,1.000000,0.000000
crops/70_93.jpg,93,70,person,person,1,1.000000,0.000000
crops/70_94.jpg,94,70,car,car,1,0.038274,0.961726
crops/101_136.jpg,136,101,car,car,1,0.000000,1.000000
crops/101_137.jpg,137,101,person,person,1,1.000000,0.000000
crops/112_152.jpg,152,112,person,person,1,1.000000,0.000000
crops/112_154.jpg,154,112,person,person,1,1.000000,0.000000
crops/112_155.jpg,155,112,person,person,1,0.999996,0.000004
crops/139_197.jpg,197,139,car,car,1,0.000001,0.999999
crops/139_198.jpg,198,139,person,person,1,0.997001,0.002999
crops/239_337.jpg,337,239,person,person,1,0.999998,0.000002
crops/239_338.jpg,338,239,person,person,1,0.999996,0.000004
crops/239_339.jpg,339,239,car,car,1,0.000002,0.999998
crops/251_396.jpg,396,251,person,person,1,1.000000,0.000000
crops/251_397.jpg,397,251,person,person,1,0.999672,0.000328
crops/251_398.jpg,398,251,person,person,1,1.000000,0.000000
crops/251_399.jpg,399,251,person,person,1,1.000000,0.000000
crops/251_400.jpg,400,251,car,car,1,0.002570,0.997430
crops/266_467.jpg,467,266,person,person,1,1.000000,0.000000
crops/266_468.jpg,468,266,person,person,1,0.999985,0.000016
crops/266_469.jpg,469,266,car,car,1,0.000000,1.000000
crops/266_470.jpg,470,266,car,car,1,0.000000,1.000000
crops/266_471.jpg,471,266,car,car,1,0.000000,1.000000
crops/266_472.jpg,472,266,car,car,1,0.000000,1.000000
crops/280_544.jpg,544,280,car,car,1,0.000000,1.000000
crops/280_545.jpg,545,280,person,person,1,1.000000,0.000000
crops/280_546.jpg,546,280,person,person,1,0.999834,0.000166
crops/280_547.jpg,547,280,person,person,1,1.000000,0.000000
crops/280_548.jpg,548,280,car,car,1,0.000081,0.999919
crops/289_583.jpg,583,289,person,person,1,0.999992,0.000008
crops/289_584.jpg,584,289,person,person,1,1.000000,0.000000
crops/289_585.jpg,585,289,car,car,1,0.001784,0.998216
crops/289_586.jpg,586,289,car,car,1,0.000000,1.000000
crops/291_595.jpg,595,291,person,car,0,0.267066,0.732934
crops/291_596.jpg,596,291,car,car,1,0.000160,0.999840
crops/291_597.jpg,597,291,car,car,1,0.002199,0.997801
crops/291_598.jpg,598,291,car,car,1,0.000000,1.000000
crops/293_611.jpg,611,293,person,person,1,0.999970,0.000030
crops/293_612.jpg,612,293,person,person,1,0.999988,0.000012
crops/293_613.jpg,613,293,car,car,1,0.003192,0.996808
crops/297_626.jpg,626,297,person,person,1,0.998497,0.001503
crops/297_627.jpg,627,297,person,person,1,0.960060,0.039940
crops/297_628.jpg,628,297,person,person,1,0.965885,0.034115
crops/297_629.jpg,629,297,person,person,1,0.998515,0.001485
crops/297_630.jpg,630,297,car,car,1,0.000207,0.999793
crops/297_631.jpg,631,297,car,car,1,0.000055,0.999945
crops/297_632.jpg,632,297,car,car,1,0.001345,0.998655
crops/297_633.jpg,633,297,car,person,0,0.841926,0.158074
crops/297_634.jpg,634,297,car,car,1,0.289771,0.710229
crops/325_688.jpg,688,325,person,person,1,0.999453,0.000547
crops/335_700.jpg,700,335,person,person,1,0.999903,0.000097
crops/335_701.jpg,701,335,person,person,1,0.999775,0.000225
crops/335_702.jpg,702,335,person,car,0,0.473758,0.526242
crops/336_703.jpg,703,336,person,person,1,0.999995,0.000005
crops/336_704.jpg,704,336,car,car,1,0.000000,1.000000
crops/340_709.jpg,709,340,person,person,1,0.999999,0.000001
crops/340_710.jpg,710,340,car,car,1,0.000000,1.000000
crops/357_722.jpg,722,357,person,person,1,1.000000,0.000000
crops/367_729.jpg,729,367,car,car,1,0.000068,0.999932
crops/367_730.jpg,730,367,person,person,1,0.998609,0.001391
crops/367_731.jpg,731,367,person,person,1,0.999003,0.000997
crops/392_759.jpg,759,392,person,person,1,1.000000,0.000000
crops/416_782.jpg,782,416,person,person,1,1.000000,0.000000
crops/516_801.jpg,801,516,person,person,1,0.990349,0.009651
crops/516_802.jpg,802,516,person,person,1,0.999001,0.000999
crops/516_803.jpg,803,516,person,person,1,0.999975,0.000025
crops/516_804.jpg,804,516,person,person,1,0.999962,0.000038
crops/516_805.jpg,805,516,person,person,1,0.999995,0.000005
crops/516_806.jpg,806,516,person,person,1,0.999996,0.000004
crops/516_807.jpg,807,516,person,person,1,0.994057,0.005943
crops/516_808.jpg,808,516,person,person,1,1.000000,0.000000
crops/516_809.jpg,809,516,person,person,1,1.000000,0.000000
crops/516_810.jpg,810,516,person,person,1,1.000000,0.000000
crops/516_811.jpg,811,516,person,person,1,1.000000,0.000000
crops/510_817.jpg,817,510,person,person,1,1.000000,0.000000
crops/510_818.jpg,818,510,person,person,1,1.000000,0.000000
crops/496_836.jpg,836,496,person,person,1,1.000000,0.000000
crops/485_851.jpg,851,485,person,person,1,1.000000,0.000000
crops/476_859.jpg,859,476,person,person,1,1.000000,0.000000
crops/476_860.jpg,860,476,person,person,1,0.999611,0.000389
crops/463_870.jpg,870,463,person,person,1,0.999999,0.000001
crops/463_871.jpg,871,463,person,person,1,1.000000,0.000000
crops/433_893.jpg,893,433,person,person,1,0.749491,0.250509
crops/525_924.jpg,924,525,car,car,1,0.000000,1.000000
crops/528_927.jpg,927,528,car,car,1,0.000089,0.999911
crops/535_933.jpg,933,535,car,car,1,0.000000,1.000000
crops/535_934.jpg,934,535,person,person,1,0.999999,0.000001
crops/540_939.jpg,939,540,car,car,1,0.000000,1.000000
crops/545_943.jpg,943,545,car,car,1,0.000000,1.000000
crops/574_972.jpg,972,574,car,car,1,0.000001,0.999999
crops/624_973.jpg,973,624,person,person,1,1.000000,0.000000
crops/624_974.jpg,974,624,person,person,1,0.999831,0.000169
crops/577_978.jpg,978,577,car,car,1,0.000000,1.000000
crops/583_988.jpg,988,583,car,person,0,0.555429,0.444571
crops/605_1020.jpg,1020,605,car,car,1,0.000000,1.000000
crops/610_1026.jpg,1026,610,car,car,1,0.000000,1.000000
crops/647_1056.jpg,1056,647,person,person,1,0.928161,0.071839
crops/647_1057.jpg,1057,647,person,person,1,0.999982,0.000018
crops/724_1105.jpg,1105,724,car,car,1,0.000000,1.000000
crops/728_1116.jpg,1116,728,person,person,1,0.949292,0.050708
crops/735_1123.jpg,1123,735,person,person,1,0.999999,0.000001
crops/735_1124.jpg,1124,735,car,person,0,0.994889,0.005111
crops/743_1135.jpg,1135,743,person,person,1,0.999998,0.000002
crops/743_1136.jpg,1136,743,car,car,1,0.001405,0.998595
crops/776_1169.jpg,1169,776,person,person,1,1.000000,0.000000
crops/776_1170.jpg,1170,776,person,person,1,1.000000,0.000000
crops/776_1171.jpg,1171,776,person,person,1,1.000000,0.000000
crops/776_1172.jpg,1172,776,person,person,1,1.000000,0.000000
crops/703_1187.jpg,1187,703,car,car,1,0.000000,1.000000
crops/669_1222.jpg,1222,669,car,car,1,0.000000,1.000000
crops/673_1227.jpg,1227,673,car,car,1,0.000309,0.999691
crops/794_1238.jpg,1238,794,person,person,1,0.735056,0.264944
crops/839_1254.jpg,1254,839,person,person,1,1.000000,0.000000
crops/839_1255.jpg,1255,839,person,person,1,0.999527,0.000473
crops/839_1256.jpg,1256,839,person,person,1,1.000000,0.000000
crops/839_1257.jpg,1257,839,person,person,1,0.999999,0.000001
crops/839_1258.jpg,1258,839,person,person,1,1.000000,0.000000
crops/795_1336.jpg,1336,795,person,car,0,0.071965,0.928035
crops/801_1343.jpg,1343,801,person,person,1,1.000000,0.000000
crops/805_1349.jpg,1349,805,person,person,1,1.000000,0.000000
crops/942_1410.jpg,1410,942,car,car,1,0.000000,1.000000
crops/904_1450.jpg,1450,904,car,car,1,0.000004,0.999996
crops/904_1454.jpg,1454,904,car,car,1,0.028581,0.971419
crops/916_1484.jpg,1484,916,car,car,1,0.000005,0.999995
crops/919_1492.jpg,1492,919,car,car,1,0.000038,0.999962
crops/921_1493.jpg,1493,921,car,car,1,0.000000,1.000000
crops/921_1494.jpg,1494,921,car,car,1,0.000028,0.999972
crops/921_1495.jpg,1495,921,car,car,1,0.000000,1.000000
crops/880_1503.jpg,1503,880,car,car,1,0.000000,1.000000
crops/880_1504.jpg,1504,880,car,car,1,0.001473,0.998527
crops/880_1505.jpg,1505,880,car,person,0,0.952682,0.047318
crops/880_1506.jpg,1506,880,car,car,1,0.000069,0.999931
crops/880_1507.jpg,1507,880,car,car,1,0.007523,0.992477
