rank,config_id,run_id,optimizer,batch_size,max_epochs,lr,img_size,hidden_layers,dropout,best_val_loss,best_val_acc,best_epoch,stopped_epoch,duration_seconds,stop_reason,selected
1,exp-07,fe32e1388dbd465cae714a69bf80f685,adamw,32,30,0.001,160,[256],0.3,0.04632517053719817,0.9777777777777777,10.0,15.0,825.976,early_stopping,True
2,exp-09,441d9178d044416fad3a7c320a3ef4d4,adamw,32,30,0.001,224,[],0.0,0.05307248671392531,0.9814814814814815,4.0,9.0,761.98,early_stopping,False
3,exp-10,aa2339fd6c2540b0a317aa65215f7c0a,adamw,32,30,0.001,224,"[512, 128]",0.5,0.054380991778776255,0.9740740740740741,4.0,9.0,755.283,early_stopping,False
4,exp-06,1632cb5aacd84bf39e01fc33185053f5,adamw,64,30,0.001,224,[256],0.3,0.054899727859258375,0.9851851851851852,6.0,11.0,950.468,early_stopping,False
5,exp-01,7693ef54d0884ebba1fc40348010bf29,adamw,32,30,0.001,224,[256],0.3,0.05870018822175485,0.9777777777777777,7.0,12.0,1019.314,early_stopping,False
6,exp-02,8bc900a845854b039f7b3fbe369fa750,sgd,32,30,0.01,224,[256],0.3,0.059796537262284094,0.9740740740740741,2.0,7.0,603.642,early_stopping,False
7,exp-03,d698044c827542d3b1bc6b934f6fafa4,adamw,32,30,0.001,224,[256],0.3,0.06414671821726693,0.9777777777777777,8.0,13.0,1103.017,early_stopping,False
8,exp-04,5cc00060f0324c3c88f11fe47ed3ea68,adamw,32,45,0.0003,224,[256],0.3,0.0686039451699428,0.9777777777777777,1.0,6.0,486.883,early_stopping,False
9,exp-05,0571cb54407c42688e081a9361061d6d,adamw,16,30,0.001,224,[256],0.3,0.06889519615107458,0.9740740740740741,4.0,9.0,836.357,early_stopping,False
10,exp-08,8c744818af8c42e7a2f1cfda0090c0e4,adamw,32,30,0.001,288,[256],0.3,0.08389775177886434,0.9666666666666667,6.0,11.0,1438.143,early_stopping,False
